CUE_NUMBER,Act,CUE_NAME,Media
11,1_preshow,Preset,"100-201-c03-preshowcollage_famous_nonfamous_colour.mov v006,101-300-c03-offdunes.mov v001,101-301-c03-scrim_gradient.mov v001,101-302-c03-scrimedgegrad.mov v002"
12,1_preshow,House to Half,"101-300-c03-offdunes.mov v001,101-301-c03-scrim_gradient.mov v001,101-302-c03-scrimedgegrad.mov v002"
13,1_preshow,Downbeat,"101-300-c03-offdunes.mov v001,101-301-c03-scrim_gradient.mov v001,101-302-c03-scrimedgegrad.mov v002"
14,1_preshow,Brand New Me,"101-300-c03-offdunes.mov v001,101-301-c03-scrim_gradient.mov v001,101-302-c03-scrimedgegrad.mov v002"
15,1_preshow,Wish I Could Be Like You,"101-300-c03-offdunes.mov v001,101-301-c03-scrim_gradient.mov v001,101-302-c03-scrimedgegrad.mov v002"
16,1_preshow,Show The World,"101-300-c03-offdunes.mov v001,101-302-c03-scrimedgegrad.mov v002,101-311-c03-scrim_gradient_warm.mov v002,101-301-c03-scrim_gradient.mov v001"
18,1_preshow,BO,
19,2_act1,TopOfShow,
21,2_act1,CC Logo,"101-115-c03-ccshow_in_lowvp.mov v002,101-300-c03-offdunes.mov v001,090-403-c00-a_white_square_supersoft.png v001"
23,2_act1,(RT),"101-059-c11-lbox_white_flat.mov v001,101-059-c12-lbox_white_flat.mov v001,101-059-c13-lbox_white_flat.mov v001,101-059-c14-lbox_white_flat.mov v001,101-201-c11-@ceecee_vertportraits.mov v001,101-359-c12-@ceecee_goldvert_1848.mov v001,101-201-c13-@ceecee_vertportraits.mov v002,101-201-c14-@ceecee_vertportraits.mov v001,101-154-c02-globewall_still@ceecee.mov v003,101-063-c11-lbox_orange_slightshade.mov v001,101-063-c12-lbox_orange_slightshade.mov v001,101-063-c13-lbox_orange_slightshade.mov v001,101-063-c14-lbox_orange_slightshade.mov v001"
24,2_act1,TV Stage,"101-059-c11-lbox_white_flat.mov v001,101-059-c12-lbox_white_flat.mov v001,101-059-c13-lbox_white_flat.mov v001,101-059-c14-lbox_white_flat.mov v001,101-201-c11-@ceecee_vertportraits.mov v001,101-359-c12-@ceecee_goldvert_1848.mov v001,101-201-c13-@ceecee_vertportraits.mov v002,101-201-c14-@ceecee_vertportraits.mov v001,101-154-c02-globewall_still@ceecee.mov v003,080-023-c11-blockbyblock_videotransition.mov v004,101-063-c11-lbox_orange_slightshade.mov v001,080-023-c12-blockbyblock_videotransition.mov v004,101-063-c12-lbox_orange_slightshade.mov v001,080-023-c13-blockbyblock_videotransition.mov v004,101-063-c13-lbox_orange_slightshade.mov v001,080-023-c14-blockbyblock_videotransition.mov v004,101-063-c14-lbox_orange_slightshade.mov v001"
25,2_act1,Shimmer (RT),"101-059-c11-lbox_white_flat.mov v001,101-059-c12-lbox_white_flat.mov v001,101-059-c13-lbox_white_flat.mov v001,101-059-c14-lbox_white_flat.mov v001,101-201-c11-@ceecee_vertportraits.mov v001,101-359-c12-@ceecee_goldvert_1848.mov v001,101-201-c13-@ceecee_vertportraits.mov v002,101-201-c14-@ceecee_vertportraits.mov v001,101-155-c02-globewall_shimmer@ceecee.mov v003,080-023-c11-blockbyblock_videotransition.mov v004,101-063-c11-lbox_orange_slightshade.mov v001,080-023-c12-blockbyblock_videotransition.mov v004,101-063-c12-lbox_orange_slightshade.mov v001,080-023-c13-blockbyblock_videotransition.mov v004,101-063-c13-lbox_orange_slightshade.mov v001,080-023-c14-blockbyblock_videotransition.mov v004,101-063-c14-lbox_orange_slightshade.mov v001"
26,2_act1,Key Change,"101-059-c11-lbox_white_flat.mov v001,101-059-c12-lbox_white_flat.mov v001,101-059-c13-lbox_white_flat.mov v001,101-059-c14-lbox_white_flat.mov v001,101-201-c11-@ceecee_vertportraits.mov v001,101-359-c12-@ceecee_goldvert_1848.mov v001,101-201-c13-@ceecee_vertportraits.mov v002,101-201-c14-@ceecee_vertportraits.mov v001,101-155-c02-globewall_shimmer@ceecee.mov v003,080-023-c11-blockbyblock_videotransition.mov v004,101-063-c11-lbox_orange_slightshade.mov v001,080-023-c12-blockbyblock_videotransition.mov v004,101-063-c12-lbox_orange_slightshade.mov v001,080-023-c13-blockbyblock_videotransition.mov v004,101-063-c13-lbox_orange_slightshade.mov v001,080-023-c14-blockbyblock_videotransition.mov v004,101-063-c14-lbox_orange_slightshade.mov v001"
26.5,2_act1,Red Hit,"101-059-c11-lbox_white_flat.mov v001,101-059-c12-lbox_white_flat.mov v001,101-059-c13-lbox_white_flat.mov v001,101-059-c14-lbox_white_flat.mov v001,101-201-c11-@ceecee_vertportraits.mov v001,101-359-c12-@ceecee_goldvert_1848.mov v001,101-201-c13-@ceecee_vertportraits.mov v002,101-201-c14-@ceecee_vertportraits.mov v001,101-155-c02-globewall_shimmer@ceecee.mov v003,080-023-c11-blockbyblock_videotransition.mov v004,101-063-c11-lbox_orange_slightshade.mov v001,080-023-c12-blockbyblock_videotransition.mov v004,101-063-c12-lbox_orange_slightshade.mov v001,080-023-c13-blockbyblock_videotransition.mov v004,101-063-c13-lbox_orange_slightshade.mov v001,080-023-c14-blockbyblock_videotransition.mov v004,101-063-c14-lbox_orange_slightshade.mov v001"
27,2_act1,Blocks Chase,"101-059-c11-lbox_white_flat.mov v001,101-059-c12-lbox_white_flat.mov v001,101-059-c13-lbox_white_flat.mov v001,101-059-c14-lbox_white_flat.mov v001,101-201-c11-@ceecee_vertportraits.mov v001,101-359-c12-@ceecee_goldvert_1848.mov v001,101-201-c13-@ceecee_vertportraits.mov v002,101-201-c14-@ceecee_vertportraits.mov v001,101-559-c12-scramble@ceecee_goldvert.mov v003,101-155-c02-globewall_shimmer@ceecee.mov v003,080-023-c11-blockbyblock_videotransition.mov v004,101-061-c11-lbox_chase_trackthrough.mov v002,101-063-c11-lbox_orange_slightshade.mov v001,080-023-c12-blockbyblock_videotransition.mov v004,101-061-c12-lbox_chase_trackthrough.mov v002,101-063-c12-lbox_orange_slightshade.mov v001,080-023-c13-blockbyblock_videotransition.mov v004,101-061-c13-lbox_chase_trackthrough.mov v002,101-063-c13-lbox_orange_slightshade.mov v001,080-023-c14-blockbyblock_videotransition.mov v004,101-061-c14-lbox_chase_trackthrough.mov v002,101-063-c14-lbox_orange_slightshade.mov v001"
27.5,2_act1,Button,"101-059-c11-lbox_white_flat.mov v001,101-059-c12-lbox_white_flat.mov v001,101-059-c13-lbox_white_flat.mov v001,101-059-c14-lbox_white_flat.mov v001,101-201-c11-@ceecee_vertportraits.mov v001,101-359-c12-@ceecee_goldvert_1848.mov v001,101-201-c13-@ceecee_vertportraits.mov v002,101-201-c14-@ceecee_vertportraits.mov v001,101-154-c02-globewall_still@ceecee.mov v003,080-023-c11-blockbyblock_videotransition.mov v004,101-063-c11-lbox_orange_slightshade.mov v001,080-023-c12-blockbyblock_videotransition.mov v004,101-063-c12-lbox_orange_slightshade.mov v001,080-023-c13-blockbyblock_videotransition.mov v004,101-063-c13-lbox_orange_slightshade.mov v001,080-023-c14-blockbyblock_videotransition.mov v004,101-063-c14-lbox_orange_slightshade.mov v001"
28,2_act1,Worklight (RT),"080-024-c11-quickoff_videotransition.mov v003,080-024-c12-quickoff_videotransition.mov v003,080-024-c13-quickoff_videotransition.mov v003,080-024-c14-quickoff_videotransition.mov v003,101-154-c02-globewall_still@ceecee.mov v003,101-062-c11-lbox_white_slightshade.mov v001,101-063-c11-lbox_orange_slightshade.mov v001,101-062-c12-lbox_white_slightshade.mov v001,101-063-c12-lbox_orange_slightshade.mov v001,101-062-c13-lbox_white_slightshade.mov v001,101-063-c13-lbox_orange_slightshade.mov v001,101-062-c14-lbox_white_slightshade.mov v001,101-063-c14-lbox_orange_slightshade.mov v001"
29,2_act1,Strange Blue(RT),"101-063-c11-lbox_orange_slightshade.mov v001,101-063-c12-lbox_orange_slightshade.mov v001,101-063-c13-lbox_orange_slightshade.mov v001,101-063-c14-lbox_orange_slightshade.mov v001,101-154-c02-globewall_still@ceecee.mov v003"
31,2_act1,Brighten (RT),"101-063-c11-lbox_orange_slightshade.mov v001,101-063-c12-lbox_orange_slightshade.mov v001,101-063-c13-lbox_orange_slightshade.mov v001,101-063-c14-lbox_orange_slightshade.mov v001,101-059-c11-lbox_white_flat.mov v001,101-059-c12-lbox_white_flat.mov v001,101-059-c13-lbox_white_flat.mov v001,101-059-c14-lbox_white_flat.mov v001,101-201-c11-@ceecee_vertportraits.mov v001,101-201-c13-@ceecee_vertportraits.mov v002,101-201-c14-@ceecee_vertportraits.mov v001,101-154-c02-globewall_still@ceecee.mov v003,101-359-c12-@ceecee_goldvert_1848.mov v001"
32,2_act1,AC,"101-063-c11-lbox_orange_slightshade.mov v001,101-063-c12-lbox_orange_slightshade.mov v001,101-063-c13-lbox_orange_slightshade.mov v001,101-063-c14-lbox_orange_slightshade.mov v001,101-059-c11-lbox_white_flat.mov v001,101-059-c12-lbox_white_flat.mov v001,101-059-c13-lbox_white_flat.mov v001,101-059-c14-lbox_white_flat.mov v001,101-201-c11-@ceecee_vertportraits.mov v001,101-201-c13-@ceecee_vertportraits.mov v002,101-201-c14-@ceecee_vertportraits.mov v001,102-202-c04-bh_beachmatte.mov v003,050-105-c04-woodtexture02.mov v001,101-154-c02-globewall_still@ceecee.mov v003,102-211-c02-bh_mem.mov v003,102-010-c00-paintedbeach2_ac.mov v001,102-201-c11-bh_beach.mov v003,102-211-c11-bh_mem.mov v003,080-025-c12-random_bbyb_videotransition.mov v002,101-359-c12-@ceecee_goldvert_1848.mov v001,102-201-c12-bh_beach.mov v003,102-211-c12-bh_mem.mov v003,080-025-c13-random_bbyb_videotransition.mov v002,102-201-c13-bh_beach.mov v001,102-211-c13-bh_mem.mov v003,080-025-c14-random_bbyb_videotransition.mov v002,102-201-c14-bh_beach.mov v001,102-211-c14-bh_mem.mov v003,102-063-c21-ac_fun3.mov v003,102-201-c21-bh_beach.mov v001"
36,2_act1,Trans->Jerry Grey,"050-105-c04-woodtexture02.mov v001,102-010-c00-paintedbeach2_ac.mov v001,105-101-c12-littles_vertical_umbrellas_stars.mov v001,102-063-c21-ac_fun3.mov v003"
37,2_act1,Jerry Grey Prosc,"050-105-c04-woodtexture02.mov v001,102-010-c00-paintedbeach2_ac.mov v001,103-113-c11-squareprosc_vaud_sot_bway.mov v001,103-251-c13-dressingroom_ombres.mov v002,103-113-c12-squareprosc_vaud_sot_bway.mov v001,103-251-c14-dressingroom_ombres.mov v002,103-113-c21-squareprosc_vaud_sot_bway.mov v001,103-251-c22-dressingroom_ombres.mov v002"
38,2_act1,Jerry Grey Bump Up,"103-401-c00-jg_amusement_vintage.mov v002,103-601-c02-jg_frame.mov v003,050-017-c02-papertexture7.mov v001,103-600-c02-jg_backdrop.mov v002,103-113-c11-squareprosc_vaud_sot_bway.mov v001,103-251-c13-dressingroom_ombres.mov v002,103-113-c12-squareprosc_vaud_sot_bway.mov v001,103-251-c14-dressingroom_ombres.mov v002,103-113-c21-squareprosc_vaud_sot_bway.mov v001,103-251-c22-dressingroom_ombres.mov v002"
43,2_act1,Jerry Backstage,"090-654-c00-a_black320_square_medsoft.png v001,103-223-c02-stagedoor_arrow_morered.mov v001,103-113-c11-squareprosc_vaud_sot_bway.mov v001,103-251-c13-dressingroom_ombres.mov v002,103-113-c12-squareprosc_vaud_sot_bway.mov v001,103-251-c14-dressingroom_ombres.mov v002,090-653-c00-a_black320_square_supersoft.png v001,103-202-c13-dressingroom_pattern_morered.mov v001,103-202-c14-dressingroom_pattern_morered.mov v004,103-113-c21-squareprosc_vaud_sot_bway.mov v001,103-251-c22-dressingroom_ombres.mov v002,103-203-c22-dressingroom_pattern_distressed1.mov v002"
45,2_act1,Brighten verticals (TBD),"090-654-c00-a_black320_square_medsoft.png v001,103-223-c02-stagedoor_arrow_morered.mov v001,090-653-c00-a_black320_square_supersoft.png v001,103-202-c13-dressingroom_pattern_morered.mov v001,103-251-c13-dressingroom_ombres.mov v002,103-202-c14-dressingroom_pattern_morered.mov v004,103-251-c14-dressingroom_ombres.mov v002,103-203-c22-dressingroom_pattern_distressed1.mov v002,103-251-c22-dressingroom_ombres.mov v002"
46,2_act1,Restore (TBD),"090-654-c00-a_black320_square_medsoft.png v001,103-223-c02-stagedoor_arrow_morered.mov v001,090-653-c00-a_black320_square_supersoft.png v001,103-202-c13-dressingroom_pattern_morered.mov v001,103-251-c13-dressingroom_ombres.mov v002,103-202-c14-dressingroom_pattern_morered.mov v004,103-251-c14-dressingroom_ombres.mov v002,103-203-c22-dressingroom_pattern_distressed1.mov v002,103-251-c22-dressingroom_ombres.mov v002"
47,2_act1,105-AC2,"050-105-c04-woodtexture02.mov v001,102-013-c00-paintedbeach2_ac_deyellow.mov v002,105-031-c13-ac_beachumbrella.mov v003,105-031-c22-ac_beachumbrella.mov v003"
52,2_act1,Splash,"212-054-c00-paintedbeach2_carmel_orangebluerays_sparkle.mov v001,212-086-c00-paintedbeach2_carmel_earlier_deepercomposit.mov v003,050-105-c04-woodtexture02.mov v001,212-053-c00-paintedbeach2_carmlel_orangebluerays_foam.mov v001,212-081-c00-paintedbeach2_carmel_earlier.mov v003,105-031-c13-ac_beachumbrella.mov v003,090-653-c00-a_black320_square_supersoft.png v001,105-031-c22-ac_beachumbrella.mov v003"
53,2_act1,Restore AC2,"212-054-c00-paintedbeach2_carmel_orangebluerays_sparkle.mov v001,212-086-c00-paintedbeach2_carmel_earlier_deepercomposit.mov v003,050-105-c04-woodtexture02.mov v001,212-053-c00-paintedbeach2_carmlel_orangebluerays_foam.mov v001,212-081-c00-paintedbeach2_carmel_earlier.mov v003,105-031-c13-ac_beachumbrella.mov v003,105-031-c22-ac_beachumbrella.mov v003"
54,2_act1,106(107)-LAX,"090-051-c00-black_square_hard.png v001,105-031-c13-ac_beachumbrella.mov v003,080-013-c21-wipe_lr.mov v001,106-111-c21-lax_curbbway.mov v002,080-013-c22-wipe_lr.mov v001,105-031-c22-ac_beachumbrella.mov v003,106-102-c22-lax_curb.mov v006"
56,2_act1,Transition to Letters (Flippy),"107-451-c01-writing_kids.mov v002,107-067-c11-kids_bway.mov v002,107-067-c12-kids_bway.mov v001,107-067-c13-kids_bway.mov v001,107-067-c14-kids_bway.mov v001,102-081-c21-ac_collagetransition_flippy.mov v008,106-111-c21-lax_curbbway.mov v002,106-105-c21-lax_curb_negative.mov v003,102-081-c22-ac_collagetransition_flippy.mov v007,106-102-c22-lax_curb.mov v006,106-105-c22-lax_curb_negative.mov v001"
58,2_act1,107-Letters,"107-451-c01-writing_kids.mov v002,107-067-c11-kids_bway.mov v002,107-067-c12-kids_bway.mov v001,107-067-c13-kids_bway.mov v001,107-067-c14-kids_bway.mov v001"
59,2_act1,Teens,"107-451-c01-writing_kids.mov v002,080-023-c11-blockbyblock_videotransition.mov v004,107-067-c11-kids_bway.mov v002,107-074-c11-teens.mov v002,080-023-c12-blockbyblock_videotransition.mov v004,107-067-c12-kids_bway.mov v001,107-074-c12-teens.mov v002,080-023-c13-blockbyblock_videotransition.mov v004,107-067-c13-kids_bway.mov v001,107-074-c13-teens.mov v002,080-023-c14-blockbyblock_videotransition.mov v004,107-067-c14-kids_bway.mov v001,107-074-c14-teens.mov v002"
61,2_act1,Late Teens,"080-023-c11-blockbyblock_videotransition.mov v004,107-074-c11-teens.mov v002,107-177-c11-lateteens_new.mov v001,080-023-c12-blockbyblock_videotransition.mov v004,107-074-c12-teens.mov v002,107-177-c12-lateteens_new.mov v001,080-023-c13-blockbyblock_videotransition.mov v004,107-074-c13-teens.mov v002,107-177-c13-lateteens_new.mov v003,080-023-c14-blockbyblock_videotransition.mov v004,107-074-c14-teens.mov v002,107-177-c14-lateteens_new.mov v001"
69.5,2_act1,Colour,"050-105-c04-woodtexture02.mov v001,050-014-c01-papertexture4.mov v001,107-264-c02-stw_petals.mov v003,090-604-c00-a_white320_square_medsoft.png v001,107-177-c11-lateteens_new.mov v001,107-206-c11-altcolor_bway.mov v001,107-401-c11-rippleonup.mov v001,107-177-c12-lateteens_new.mov v001,107-211-c12-altcolor_bway.mov v001,107-401-c12-rippleonup.mov v001,107-177-c13-lateteens_new.mov v003,107-206-c13-altcolor_bway.mov v001,107-401-c13-rippleonup.mov v001,107-177-c14-lateteens_new.mov v001,107-211-c14-altcolor_bway.mov v001,107-401-c14-rippleonup.mov v001"
71,2_act1,Show The World,"050-105-c04-woodtexture02.mov v001,050-014-c01-papertexture4.mov v001,107-264-c02-stw_petals.mov v003,090-604-c00-a_white320_square_medsoft.png v001,050-014-c11-papertexture4.mov v001,107-252-c11-stw_patternsbridge.mov v002,050-014-c12-papertexture4.mov v001,107-252-c12-stw_patternsbridge.mov v002,050-014-c13-papertexture4.mov v001,107-252-c13-stw_patternsbridge.mov v003,050-014-c14-papertexture4.mov v001,107-252-c14-stw_patternsbridge.mov v002"
78,2_act1,Shrink to Ch2 only,"090-653-c00-a_black320_square_supersoft.png v001,090-001-c00-white_square_hard.png v001,050-105-c04-woodtexture02.mov v001,050-014-c11-papertexture4.mov v001,050-014-c12-papertexture4.mov v001,050-014-c13-papertexture4.mov v001,050-014-c14-papertexture4.mov v001"
78.3,2_act1,White Flash,"090-001-c00-white_square_hard.png v001,090-653-c00-a_black320_square_supersoft.png v001,050-014-c11-papertexture4.mov v001,050-014-c12-papertexture4.mov v001,050-014-c13-papertexture4.mov v001,050-014-c14-papertexture4.mov v001"
80,2_act1,BO,
81,2_act1,108 - Beach Haven,"080-012-c13-wipe_down.mov v003,050-105-c04-woodtexture02.mov v001,090-653-c00-a_black320_square_supersoft.png v001,102-015-c00-paintedbeach1_ac.mov v002,050-013-c13-papertexture3.mov v001,108-031-c13-theater_postersbase.mov v005,050-013-c21-papertexture3.mov v001,108-031-c21-theater_postersbase.mov v005,050-013-c22-papertexture3.mov v001,108-031-c22-theater_postersbase.mov v006"
85,2_act1,Littles->Bunkhouse,"080-012-c13-wipe_down.mov v003,050-105-c04-woodtexture02.mov v001,102-015-c00-paintedbeach1_ac.mov v002,050-013-c13-papertexture3.mov v001,080-013-c13-wipe_lr.mov v001,108-031-c13-theater_postersbase.mov v005,102-010-c02-paintedbeach2_ac.mov v002,050-013-c21-papertexture3.mov v001,080-013-c21-wipe_lr.mov v001,105-108-c21-littles_juststars.mov v003,108-031-c21-theater_postersbase.mov v005,050-013-c22-papertexture3.mov v001,080-013-c22-wipe_lr.mov v001,105-109-c22-littles_justumbrellas.mov v001,108-031-c22-theater_postersbase.mov v006"
86,2_act1,Bunkhouse,"050-105-c04-woodtexture02.mov v001,090-452-c00-a_black_square_soft.png v001,102-015-c00-paintedbeach1_ac.mov v002,109-120-c21-bunkhouse_pattern.mov v007,090-454-c00-a_black_square_medsoft.png v001,050-020-c13-papertexture10.mov v001,109-120-c13-bunkhouse_pattern.mov v003,050-024-c21-papertexture14.mov v001,050-024-c22-papertexture14.mov v001,109-120-c22-bunkhouse_pattern.mov v007"
87,2_act1,Shrink,"050-105-c04-woodtexture02.mov v001,090-452-c00-a_black_square_soft.png v001,102-015-c00-paintedbeach1_ac.mov v002,109-120-c21-bunkhouse_pattern.mov v007,090-454-c00-a_black_square_medsoft.png v001,050-020-c13-papertexture10.mov v001,109-120-c13-bunkhouse_pattern.mov v003,050-024-c21-papertexture14.mov v001,050-024-c22-papertexture14.mov v001,109-120-c22-bunkhouse_pattern.mov v007"
87.5,2_act1,"Beach Out ""You and I""","050-105-c04-woodtexture02.mov v001,102-015-c00-paintedbeach1_ac.mov v002"
89,2_act1,CBC Radio,"090-452-c00-a_black_square_soft.png v001,108-218-c13-cbs_blkbot_still.mov v003"
90,2_act1,Beach Haven,"050-105-c04-woodtexture02.mov v001,102-015-c00-paintedbeach1_ac.mov v002,050-013-c13-papertexture3.mov v001,108-031-c13-theater_postersbase.mov v005,050-013-c21-papertexture3.mov v001,108-031-c21-theater_postersbase.mov v005,050-013-c22-papertexture3.mov v001,108-031-c22-theater_postersbase.mov v006"
94,2_act1,Minus Green,"050-105-c04-woodtexture02.mov v001,102-015-c00-paintedbeach1_ac.mov v002,050-013-c13-papertexture3.mov v001,108-031-c13-theater_postersbase.mov v005,050-013-c21-papertexture3.mov v001,108-031-c21-theater_postersbase.mov v005,050-013-c22-papertexture3.mov v001,108-031-c22-theater_postersbase.mov v006"
95,2_act1,Brand New Me,"050-105-c04-woodtexture02.mov v001,102-015-c00-paintedbeach1_ac.mov v002,050-013-c13-papertexture3.mov v001,108-040-c13-theater_posters_coloroffset.mov v005,050-013-c21-papertexture3.mov v001,108-040-c21-theater_posters_coloroffset.mov v006,050-013-c22-papertexture3.mov v001,108-049-c22-theater_posters_coloroffset_purpstripe.mov v007"
100,2_act1,Button,"050-105-c04-woodtexture02.mov v001,102-015-c00-paintedbeach1_ac.mov v002,050-013-c13-papertexture3.mov v001,108-040-c13-theater_posters_coloroffset.mov v005,050-013-c21-papertexture3.mov v001,108-040-c21-theater_posters_coloroffset.mov v006,050-013-c22-papertexture3.mov v001,108-049-c22-theater_posters_coloroffset_purpstripe.mov v007"
102,2_act1,Blackout,
103,2_act1,Audition,"050-013-c01-papertexture3.mov v001,050-105-c02-woodtexture02.mov v003,102-015-c00-paintedbeach1_ac.mov v002,108-031-c13-theater_postersbase.mov v005,108-031-c21-theater_postersbase.mov v005,108-031-c22-theater_postersbase.mov v006"
105,2_act1,Red Shift,"050-013-c01-papertexture3.mov v001,050-105-c02-woodtexture02.mov v003,090-001-c00-white_square_hard.png v001,102-015-c00-paintedbeach1_ac.mov v002,108-031-c13-theater_postersbase.mov v005,108-031-c21-theater_postersbase.mov v005,108-031-c22-theater_postersbase.mov v006"
106,2_act1,OUT,"050-013-c01-papertexture3.mov v001,050-105-c02-woodtexture02.mov v003,090-001-c00-white_square_hard.png v001,102-015-c02-paintedbeach1_ac.mov v002,103-096-c02-squareprosc_vaud_scallopslowernarrower.mov v001,108-031-c13-theater_postersbase.mov v005,108-031-c21-theater_postersbase.mov v005,108-031-c22-theater_postersbase.mov v006"
109,2_act1,John's Cabin - HORIZON MISMATCH?,"050-105-c04-woodtexture02.mov v001,111-030-c00-paintedbeach2_johnscabinnight.mov v002,111-055-c12-johnscabin02.mov v001"
111,2_act1,Beach Haven Dawn,"050-105-c04-woodtexture02.mov v001,112-022-c00-paintedbeach1_lesssat.mov v001,112-023-c00-paintedbeach1_lesssat_cloudcolor.mov v001,050-105-c02-woodtexture02.mov v003,112-023-c02-paintedbeach1_lesssat_cloudcolor.mov v002"
114,2_act1,LAX Counter,"113-016-c13-lax_counter_bright.mov v009,113-016-c14-lax_counter_bright.mov v004"
116,2_act1,Transition (Flippy),"113-016-c13-lax_counter_bright.mov v009,113-019-c13-lax_counter_bright_negative.mov v001,114-301-c13-penn_bway_opt1.mov v001,209-021-c13-flippytransition_laxtograduation.mov v004,113-016-c14-lax_counter_bright.mov v004,113-019-c14-lax_counter_bright_negative.mov v001,114-301-c14-penn_bway_opt1.mov v002,209-021-c14-flippytransition_laxtograduation.mov v004,114-111-c22-penn_new.mov v004,209-021-c22-flippytransition_laxtograduation.mov v003"
118,2_act1,Ramrod,"114-171-c04-ramrodhaze.mov v001,114-161-c04-ramrodwall.mov v002,114-165-c04-ramrodwall_curtain.mov v002,114-181-c04-ramrod_lx.mov v002,114-125-c13-ramrod_clear.mov v002,114-301-c13-penn_bway_opt1.mov v001,114-125-c14-ramrod_clear.mov v002,114-301-c14-penn_bway_opt1.mov v002,114-122-c22-ramrod_tritone_new.mov v004,114-131-c22-ombre_sides.mov v001"
122,2_act1,Panel Split,"114-171-c04-ramrodhaze.mov v001,114-161-c04-ramrodwall.mov v002,114-165-c04-ramrodwall_curtain.mov v002,114-181-c04-ramrod_lx.mov v002,114-301-c14-penn_bway_opt1.mov v002,114-125-c14-ramrod_clear.mov v002,114-111-c22-penn_new.mov v004,114-122-c22-ramrod_tritone_new.mov v004,114-131-c22-ombre_sides.mov v001"
123,2_act1,Size D Letters - SHOULD TIMING BE 0.8?,"090-452-c00-a_black_square_soft.png v001,114-205-c01-dletters_01.mov v008,050-014-c11-papertexture4.mov v001,080-012-c11-wipe_down.mov v003,114-205-c11-dletters_01.mov v003,050-014-c12-papertexture4.mov v001,080-012-c12-wipe_down.mov v003,114-205-c12-dletters_01.mov v003,050-014-c13-papertexture4.mov v001,080-012-c13-wipe_down.mov v003,114-205-c13-dletters_01.mov v002,050-014-c14-papertexture4.mov v001,114-205-c14-dletters_01.mov v001,114-205-c21-dletters_01.mov v003,080-016-c22-wipeout_barndoor_soft.mov v002,114-205-c22-dletters_01.mov v001"
126,2_act1,Littles Wedding,"090-603-c00-a_white320_square_supersoft.png v001,090-452-c00-a_black_square_soft.png v001,115-131-c11-roseplan_1.mov v001,115-221-c11-planning_grandient.mov v001,115-131-c12-roseplan_1.mov v001,115-221-c12-planning_grandient.mov v001,115-131-c13-roseplan_1.mov v001,115-221-c13-planning_grandient.mov v001,115-131-c14-roseplan_1.mov v001,115-221-c14-planning_grandient.mov v001,115-131-c21-roseplan_1.mov v001,115-221-c21-planning_grandient.mov v001"
126.5,2_act1,CC Entrance,"090-603-c00-a_white320_square_supersoft.png v001,090-452-c00-a_black_square_soft.png v001,115-131-c11-roseplan_1.mov v001,115-142-c11-leonaplan_animated.mov v001,115-221-c11-planning_grandient.mov v001,115-131-c12-roseplan_1.mov v001,115-142-c12-leonaplan_animated.mov v001,115-221-c12-planning_grandient.mov v001,115-131-c13-roseplan_1.mov v001,115-142-c13-leonaplan_animated.mov v001,115-221-c13-planning_grandient.mov v001,115-131-c14-roseplan_1.mov v001,115-142-c14-leonaplan_animated.mov v001,115-221-c14-planning_grandient.mov v001,115-131-c21-roseplan_1.mov v001,115-142-c21-leonaplan_animated.mov v001,115-221-c21-planning_grandient.mov v001"
127,2_act1,Bertie Wedding,"050-105-c04-woodtexture02.mov v001,050-023-c11-papertexture13.mov v001,115-121-c11-weddings_ceremony_bway.mov v001,115-221-c11-planning_grandient.mov v001,050-023-c12-papertexture13.mov v001,115-121-c12-weddings_ceremony_bway.mov v001,115-221-c12-planning_grandient.mov v001,050-023-c13-papertexture13.mov v001,115-121-c13-weddings_ceremony_bway.mov v001,115-221-c13-planning_grandient.mov v001,050-023-c14-papertexture13.mov v001,115-121-c14-weddings_ceremony_bway.mov v001,115-221-c14-planning_grandient.mov v001,115-121-c21-weddings_ceremony_bway.mov v001,115-221-c21-planning_grandient.mov v001"
129,2_act1,Brightness Fade,"050-105-c04-woodtexture02.mov v001,050-023-c11-papertexture13.mov v001,115-015-c11-bertie_invitation_colorized.mov v001,115-221-c11-planning_grandient.mov v001,050-023-c12-papertexture13.mov v001,115-015-c12-bertie_invitation_colorized.mov v001,115-221-c12-planning_grandient.mov v001,050-023-c13-papertexture13.mov v001,115-122-c13-weddings_ceremony_colorized_bway.mov v001,115-221-c13-planning_grandient.mov v001,050-023-c14-papertexture13.mov v001,115-122-c14-weddings_ceremony_colorized_bway.mov v001,115-221-c14-planning_grandient.mov v001,115-015-c21-bertie_invitation_colorized.mov v001,115-221-c21-planning_grandient.mov v001"
131,2_act1,Liberachi,"050-105-c04-woodtexture02.mov v001,050-023-c11-papertexture13.mov v001,115-311-c11-bridalmags_fullstage.mov v005,050-023-c12-papertexture13.mov v001,115-310-c12-bridalmags.mov v002,050-023-c13-papertexture13.mov v001,115-311-c13-bridalmags_fullstage.mov v005,050-023-c14-papertexture13.mov v001,115-311-c14-bridalmags_fullstage.mov v002,105-108-c21-littles_juststars.mov v003"
133,2_act1,CC Wedding,"050-106-c02-woodtexture03.mov v001,050-023-c11-papertexture13.mov v001,115-082-c11-ceecee_invitation_tropical_2.mov v001,115-221-c11-ceewedding_gradient.mov v001,050-023-c12-papertexture13.mov v001,115-082-c12-ceecee_invitation_tropical_2.mov v001,115-221-c12-ceewedding_gradient.mov v001,050-023-c13-papertexture13.mov v001,115-082-c13-ceecee_invitation_tropical_2.mov v001,115-221-c13-ceewedding_gradient.mov v001,050-023-c14-papertexture13.mov v001,115-082-c14-ceecee_invitation_tropical_2.mov v001,115-221-c14-ceewedding_gradient.mov v001,050-023-c21-papertexture13.mov v001,115-082-c21-ceecee_invitation_tropical_2.mov v003,115-221-c21-ceewedding_gradient.mov v001"
136,2_act1,Pre-DB Bright,"050-106-c02-woodtexture03.mov v001,050-023-c11-papertexture13.mov v001,115-086-c11-invitation_tropical_2_glow.mov v002,115-221-c11-ceewedding_gradient.mov v001,050-023-c12-papertexture13.mov v001,115-086-c12-invitation_tropical_2_glow.mov v002,115-221-c12-ceewedding_gradient.mov v001,050-023-c13-papertexture13.mov v001,115-086-c13-invitation_tropical_2_glow.mov v002,115-221-c13-ceewedding_gradient.mov v001,050-023-c14-papertexture13.mov v001,115-086-c14-invitation_tropical_2_glow.mov v002,115-221-c14-ceewedding_gradient.mov v001,050-023-c21-papertexture13.mov v001,115-086-c21-invitation_tropical_2_glow.mov v002,115-221-c21-ceewedding_gradient.mov v001"
137,2_act1,Wedding Dance (KF - Colour Shifts in Sliders),"050-106-c02-woodtexture03.mov v001,115-112-c02-ceecee_wedding_disco_2.mov v002,050-023-c11-papertexture13.mov v001,115-084-c11-invitation_tropical_2_colorization.mov v001,115-221-c11-ceewedding_gradient.mov v001,050-023-c12-papertexture13.mov v001,115-084-c12-invitation_tropical_2_colorization.mov v001,115-221-c12-ceewedding_gradient.mov v001,050-023-c13-papertexture13.mov v001,115-084-c13-invitation_tropical_2_colorization.mov v001,115-221-c13-ceewedding_gradient.mov v001,050-023-c14-papertexture13.mov v001,115-087-c14-invitation_tropical_2_lightercolorization.mov v001,115-221-c14-ceewedding_gradient.mov v001,050-023-c21-papertexture13.mov v001,115-087-c21-invitation_tropical_2_lightercolorization.mov v001,115-221-c21-ceewedding_gradient.mov v001"
143,2_act1,BLUE Button,"050-106-c02-woodtexture03.mov v001,050-023-c11-papertexture13.mov v001,115-311-c11-bridalmags_fullstage.mov v005,050-023-c12-papertexture13.mov v001,115-310-c12-bridalmags.mov v002,050-023-c13-papertexture13.mov v001,115-311-c13-bridalmags_fullstage.mov v005,050-023-c14-papertexture13.mov v001,115-311-c14-bridalmags_fullstage.mov v002,050-023-c21-papertexture13.mov v001,115-311-c21-bridalmags_fullstage.mov v002"
144,2_act1,BO,
144.5,2_act1,Radio Transition,116-550-c01-limbotransition07.mov v004
145,2_act1,Malibu,"050-105-c04-woodtexture02.mov v001,116-550-c01-limbotransition07.mov v004,111-032-c02-paintedbeach2_johnscabin_fitted.mov v006,116-011-c02-paintedbeach2_malibu.mov v003,070-011-c13-tightvign.mov v002,070-012-c13-softvign.mov v002,116-032-c13-deck_umbrella_stripe.mov v003,080-012-c13-wipe_down.mov v003"
150,2_act1,Brighten CYC,"050-105-c04-woodtexture02.mov v001,111-032-c02-paintedbeach2_johnscabin_fitted.mov v006,116-011-c02-paintedbeach2_malibu.mov v003,070-011-c13-tightvign.mov v002,070-012-c13-softvign.mov v002,116-032-c13-deck_umbrella_stripe.mov v003,080-012-c13-wipe_down.mov v003"
151,2_act1,Bedroom,"050-105-c04-woodtexture02.mov v001,111-032-c02-paintedbeach2_johnscabin_fitted.mov v006,116-011-c02-paintedbeach2_malibu.mov v003,070-011-c13-tightvign.mov v002,070-012-c13-softvign.mov v002,116-032-c13-deck_umbrella_stripe.mov v003"
152,2_act1,RESTORE - Malibu,"090-051-c00-black_square_hard.png v001,050-105-c04-woodtexture02.mov v001,111-032-c02-paintedbeach2_johnscabin_fitted.mov v006,116-011-c02-paintedbeach2_malibu.mov v003,070-011-c13-tightvign.mov v002,070-012-c13-softvign.mov v002,116-032-c13-deck_umbrella_stripe.mov v003"
153,2_act1,Bedroom,"050-105-c04-woodtexture02.mov v001,111-032-c02-paintedbeach2_johnscabin_fitted.mov v006,116-011-c02-paintedbeach2_malibu.mov v003,070-011-c13-tightvign.mov v002,070-012-c13-softvign.mov v002,116-032-c13-deck_umbrella_stripe.mov v003"
154,2_act1,Restore,"090-051-c00-black_square_hard.png v001,050-105-c04-woodtexture02.mov v001,111-032-c02-paintedbeach2_johnscabin_fitted.mov v006,116-011-c02-paintedbeach2_malibu.mov v003,070-011-c13-tightvign.mov v002,070-012-c13-softvign.mov v002,116-032-c13-deck_umbrella_stripe.mov v003"
156,2_act1,BO,
158,3_intermission,House,
160,3_intermission,Fade UP Collage,"101-300-c03-offdunes.mov v001,101-301-c03-scrim_gradient.mov v001,101-302-c03-scrimedgegrad.mov v002"
162,3_intermission,,"101-300-c03-offdunes.mov v001,101-301-c03-scrim_gradient.mov v001,101-302-c03-scrimedgegrad.mov v002"
163,3_intermission,,"101-300-c03-offdunes.mov v001,101-301-c03-scrim_gradient.mov v001,101-302-c03-scrimedgegrad.mov v002"
164,3_intermission,Colour Shift 3,"101-300-c03-offdunes.mov v001,101-301-c03-scrim_gradient.mov v001,101-302-c03-scrimedgegrad.mov v002"
165,4_act2,HH Marquee,"090-602-c00-a_white320_square_soft.png v001,201-019-c01-hh_ccurtains_transition.mov v002,201-013-c01-cpostersonly.mov v003"
166,4_act2,CC in Place,"201-150-c02-playcardbg.mov v006,201-019-c01-hh_ccurtains_transition.mov v002,201-020-c01-hh_ccurtain_s.mov v003,090-452-c00-a_black_square_soft.png v001"
168,4_act2,HH Backstage,"201-150-c02-playcardbg.mov v006,201-019-c01-hh_ccurtains_transition.mov v002,090-452-c00-a_black_square_soft.png v001"
168.5,4_act2,Backdrop Shift,"201-019-c01-hh_ccurtains_transition.mov v002,090-452-c00-a_black_square_soft.png v001,201-245-c02-rosegoldcurtains.mov v003"
169,4_act2,Transition to Ceasars Palace,"201-201-c01-cp_marqueeonly.mov v002,201-202-c01-cp_columnsonly.mov v001,201-245-c02-rosegoldcurtains.mov v003"
170,4_act2,Ceasers Palace,"201-406-c22-cp_marquee_mattelr.mov v001,201-201-c01-cp_marqueeonly.mov v002,201-202-c01-cp_columnsonly.mov v001,201-245-c02-rosegoldcurtains.mov v003,201-245-c22-rosegoldcurtains.mov v004"
171,4_act2,Cesears Palace Backstage,"201-245-c02-rosegoldcurtains.mov v003,201-245-c22-rosegoldcurtains.mov v004"
173,4_act2,Transition to FB,"201-316-c01-fb_transition_goldwallopt04_ballyhoo.mov v007,201-502-c01-paparazzi_2.mov v003,090-503-c00-a_white_round_supersoft.png v001,201-371-c02-fb_ceecee_on.mov v004,201-407-c02-fb_neon_on.mov v003"
175,4_act2,Fontaine Bleu,"201-611-c04-fb_bway_sequinwall.mov v002,090-503-c00-a_white_round_supersoft.png v001,201-371-c02-fb_ceecee_on.mov v004,201-425-c02-fb_neon_alldance.mov v004,201-445-c11-fb_neon_shimmer.mov v002,201-445-c12-fb_neon_shimmer.mov v002,201-360-c13-fb_starlights.mov v002,201-360-c14-fb_starlights.mov v002,201-445-c21-fb_neon_shimmer.mov v002,201-360-c22-fb_starlights.mov v002"
175.3,4_act2,Starlights Red,"201-371-c02-fb_ceecee_on.mov v004,201-407-c02-fb_neon_on.mov v003,201-407-c11-fb_neon_on.mov v001,201-407-c12-fb_neon_on.mov v001,201-360-c13-fb_starlights.mov v002,201-360-c14-fb_starlights.mov v002,201-407-c21-fb_neon_on.mov v002,201-360-c22-fb_starlights.mov v002"
175.5,4_act2,Chorus Animation,"201-371-c02-fb_ceecee_on.mov v004,201-420-c02-fb_neon_beatbumps.mov v004,201-420-c11-fb_neon_beatbumps.mov v002,201-420-c12-fb_neon_beatbumps.mov v002,201-360-c13-fb_starlights.mov v002,201-360-c14-fb_starlights.mov v002,201-420-c21-fb_neon_beatbumps.mov v001,201-360-c22-fb_starlights.mov v002"
175.6,4_act2,Two Hits,"201-372-c02-fb_ceecee_2hits.mov v003,201-455-c02-neon_2hits.mov v005,201-455-c11-neon_2hits.mov v005,201-455-c12-neon_2hits.mov v004,201-360-c13-fb_starlights.mov v002,201-360-c14-fb_starlights.mov v002,201-455-c21-neon_2hits.mov v005,201-360-c22-fb_starlights.mov v002"
175.7,4_act2,Restore to ON,"201-371-c02-fb_ceecee_on.mov v004,201-407-c02-fb_neon_on.mov v003,201-407-c11-fb_neon_on.mov v001,201-407-c12-fb_neon_on.mov v001,201-360-c13-fb_starlights.mov v002,201-360-c14-fb_starlights.mov v002,201-407-c21-fb_neon_on.mov v002,201-360-c22-fb_starlights.mov v002"
176,4_act2,CeeCee Chase,"201-375-c02-fb_ceecee_shimmer.mov v004,201-445-c02-fb_neon_shimmer.mov v001,201-445-c11-fb_neon_shimmer.mov v002,201-445-c12-fb_neon_shimmer.mov v002,201-360-c13-fb_starlights.mov v002,201-360-c14-fb_starlights.mov v002,201-445-c21-fb_neon_shimmer.mov v002,201-360-c22-fb_starlights.mov v002"
176.3,4_act2,Restore to ON,"201-371-c02-fb_ceecee_on.mov v004,201-407-c02-fb_neon_on.mov v003,201-407-c11-fb_neon_on.mov v001,201-407-c12-fb_neon_on.mov v001,201-360-c13-fb_starlights.mov v002,201-360-c14-fb_starlights.mov v002,201-407-c21-fb_neon_on.mov v002,201-360-c22-fb_starlights.mov v002"
177,4_act2,Alternating,"201-375-c02-fb_ceecee_shimmer.mov v004,201-415-c02-fb_neon_alternating.mov v004,201-415-c11-fb_neon_alternating.mov v003,201-415-c12-fb_neon_alternating.mov v002,201-360-c13-fb_starlights.mov v002,201-360-c14-fb_starlights.mov v002,201-415-c21-fb_neon_alternating.mov v002,201-360-c22-fb_starlights.mov v002"
177.3,4_act2,Neon Chase,"201-395-c02-fb_ceecee_traceedges02.mov v003,201-450-c02-fb_neon_turningon.mov v001,201-405-c11-fb_neon_turningon.mov v001,201-405-c12-fb_neon_turningon.mov v001,201-360-c13-fb_starlights.mov v002,201-360-c14-fb_starlights.mov v002,201-405-c21-fb_neon_turningon.mov v003,201-360-c22-fb_starlights.mov v002"
177.5,4_act2,,"201-395-c02-fb_ceecee_traceedges02.mov v003,201-435-c02-fb_neon_elementsdance.mov v003,201-435-c11-fb_neon_elementsdance.mov v001,201-435-c12-fb_neon_elementsdance.mov v001,201-360-c13-fb_starlights.mov v002,201-360-c14-fb_starlights.mov v002,201-435-c21-fb_neon_elementsdance.mov v001,201-360-c22-fb_starlights.mov v002"
178,4_act2,Starlights and CeeCee,"201-385-c02-fb_ceecee_rippleout.mov v002,201-435-c02-fb_neon_elementsdance.mov v003,201-435-c11-fb_neon_elementsdance.mov v001,201-435-c12-fb_neon_elementsdance.mov v001,201-360-c13-fb_starlights.mov v002,201-360-c14-fb_starlights.mov v002,201-435-c21-fb_neon_elementsdance.mov v001,201-360-c22-fb_starlights.mov v002"
179,4_act2,Button,"201-500-c02-fb_button.mov v003,201-500-c11-fb_button.mov v001,201-500-c12-fb_button.mov v001,201-360-c13-fb_starlights.mov v002,201-360-c14-fb_starlights.mov v002,201-500-c21-fb_button.mov v001,201-360-c22-fb_starlights.mov v002"
180,4_act2,Dressing Room (RT),"202-225-c11-dressingroombgonly.mov v002,202-235-c11-dressingroomphotosonly@ceecee.mov v003,202-225-c12-dressingroombgonly.mov v002,202-235-c12-dressingroomphotosonly@ceecee.mov v003,202-225-c21-dressingroombgonly.mov v002,202-235-c21-dressingroomphotosonly@ceecee.mov v003"
181,4_act2,Picture Up,"050-023-c02-papertexture13.mov v001,202-235-c02-dressingroomphotosonly@ceecee.mov v002,202-236-c02-photovignette.mov v001,202-225-c11-dressingroombgonly.mov v002,202-235-c11-dressingroomphotosonly@ceecee.mov v003,202-225-c12-dressingroombgonly.mov v002,202-235-c12-dressingroomphotosonly@ceecee.mov v003,202-225-c21-dressingroombgonly.mov v002,202-235-c21-dressingroomphotosonly@ceecee.mov v003"
182,4_act2,Shrink,"202-235-c02-dressingroomphotosonly@ceecee.mov v002,202-236-c02-photovignette.mov v001,202-225-c11-dressingroombgonly.mov v002,202-235-c11-dressingroomphotosonly@ceecee.mov v003,202-225-c12-dressingroombgonly.mov v002,202-235-c12-dressingroomphotosonly@ceecee.mov v003,202-225-c21-dressingroombgonly.mov v002,202-235-c21-dressingroomphotosonly@ceecee.mov v003"
184,4_act2,Words I Should Have Said,"202-225-c11-dressingroombgonly.mov v002,202-280-c11-photographicsonly_purple.mov v004,202-225-c12-dressingroombgonly.mov v002,202-280-c12-photographicsonly_purple.mov v005,202-225-c21-dressingroombgonly.mov v002,202-280-c21-photographicsonly_purple.mov v004"
186,4_act2,BO,
192,4_act2,Hospital,"070-012-c11-softvign.mov v002,203-113-c11-hospital_wallpaper_flat_blue.mov v003,203-113-c12-hospital_wallpaper_flat_blue.mov v003,203-102-c13-hospital_wallpaper.mov v001,203-102-c14-hospital_wallpaper.mov v001,070-012-c22-softvign.mov v002,203-102-c21-hospital_wallpaper.mov v007"
193,4_act2,Nuns Exit,"070-012-c11-softvign.mov v002,203-113-c11-hospital_wallpaper_flat_blue.mov v003,203-113-c12-hospital_wallpaper_flat_blue.mov v003,203-102-c13-hospital_wallpaper.mov v001,203-102-c14-hospital_wallpaper.mov v001,070-012-c22-softvign.mov v002,203-102-c21-hospital_wallpaper.mov v007"
194,4_act2,Littles,"090-654-c00-a_black320_square_medsoft.png v001,105-031-c22-ac_beachumbrella.mov v003,105-108-c21-littles_juststars.mov v003"
195,4_act2,FB Dressing Room Restore(RT),"050-023-c02-papertexture13.mov v001,202-235-c02-dressingroomphotosonly@ceecee.mov v002,202-236-c02-photovignette.mov v001,202-225-c11-dressingroombgonly.mov v002,202-235-c11-dressingroomphotosonly@ceecee.mov v003,202-225-c12-dressingroombgonly.mov v002,202-235-c12-dressingroomphotosonly@ceecee.mov v003,202-225-c21-dressingroombgonly.mov v002,202-235-c21-dressingroomphotosonly@ceecee.mov v003"
199,4_act2,Sarasota - BO,
200,4_act2,Sarasota Lights Up,"050-105-c02-woodtexture02.mov v003,205-400-c01-bertieswallpaper_realpattern.mov v002,090-603-c00-a_white320_square_supersoft.png v001,102-010-c00-paintedbeach2_ac.mov v001,070-011-c13-tightvign.mov v002"
201,4_act2,Bertie Sings,"050-105-c02-woodtexture02.mov v003,205-400-c01-bertieswallpaper_realpattern.mov v002,090-603-c00-a_white320_square_supersoft.png v001,102-010-c00-paintedbeach2_ac.mov v001,070-011-c13-tightvign.mov v002"
203,4_act2,Button,"050-105-c02-woodtexture02.mov v003,205-400-c01-bertieswallpaper_realpattern.mov v002,090-603-c00-a_white320_square_supersoft.png v001,102-010-c00-paintedbeach2_ac.mov v001,070-011-c13-tightvign.mov v002"
204,4_act2,BO,
206,4_act2,Littles - BO,"105-108-c14-littles_juststars.mov v002,105-108-c13-littles_juststars.mov v002,050-105-c02-woodtexture02.mov v003,090-653-c00-a_black320_square_supersoft.png v001,102-010-c01-paintedbeach2_ac.mov v002,102-010-c00-paintedbeach2_ac.mov v001"
207,4_act2,Sarasota Restore,"050-105-c02-woodtexture02.mov v003,205-215-c01-sarasota_window.mov v003,205-400-c01-bertieswallpaper_realpattern.mov v002,090-603-c00-a_white320_square_supersoft.png v001,102-010-c00-paintedbeach2_ac.mov v001,070-011-c13-tightvign.mov v002"
207.1,4_act2,Brighten,"050-105-c02-woodtexture02.mov v003,205-215-c01-sarasota_window.mov v003,205-400-c01-bertieswallpaper_realpattern.mov v002,090-603-c00-a_white320_square_supersoft.png v001,102-010-c00-paintedbeach2_ac.mov v001,070-011-c13-tightvign.mov v002"
209,4_act2,Taxi Stand,"050-105-c02-woodtexture02.mov v003,090-604-c00-a_white320_square_medsoft.png v001,205-215-c01-sarasota_window.mov v003,205-400-c01-bertieswallpaper_realpattern.mov v002,090-603-c00-a_white320_square_supersoft.png v001,102-010-c00-paintedbeach2_ac.mov v001,208-106-c11-taxistand.mov v004,208-106-c12-taxistand.mov v004,070-011-c13-tightvign.mov v002"
211,4_act2,Birthday Letters (Flippy),"209-021-c01-birthday_letters.mov v003,208-106-c11-taxistand.mov v004,209-012-c11-flippytransition_intobirthdayletters.mov v002,209-016-c12-birthday.mov v001,208-106-c12-taxistand.mov v004,209-012-c12-flippytransition_intobirthdayletters.mov v001,209-016-c11-birthday.mov v001"
217,4_act2,Nina's Letter,"209-021-c01-birthday_letters.mov v003,209-225-c12-ninadiffused.mov v001,209-225-c11-ninadiffused.mov v001"
218,4_act2,Cee Cee Logo,101-113-c03-ccshow_in_big2smol.mov v002
219,4_act2,80's Dressing Room (RT),"090-454-c00-a_black_square_medsoft.png v001,210-050-c11-80sdressingroom.mov v008,210-050-c12-80sdressingroom.mov v009,101-154-c02-globewall_still@ceecee.mov v003,210-050-c21-80sdressingroom.mov v005"
221,4_act2,Announcer (RT),"101-061-c11-lbox_chase_trackthrough.mov v002,101-063-c11-lbox_orange_slightshade.mov v001,101-061-c12-lbox_chase_trackthrough.mov v002,101-063-c12-lbox_orange_slightshade.mov v001,101-061-c13-lbox_chase_trackthrough.mov v002,101-063-c13-lbox_orange_slightshade.mov v001,101-061-c14-lbox_chase_trackthrough.mov v002,101-063-c14-lbox_orange_slightshade.mov v001,210-101-c21-ceeceeshow_guests@ceecee.mov v004"
222,4_act2,Nina Letters 2,"209-225-c11-ninadiffused.mov v001,209-225-c12-ninadiffused.mov v001,209-225-c21-ninadiffused.mov v004"
223,4_act2,Carmel Hall,"090-603-c00-a_white320_square_supersoft.png v001,212-211-c11-carmelfronthallopt6.mov v002,212-211-c12-carmelfronthallopt6.mov v001,212-202-c21-carmelfronhallopt3.mov v004"
224,4_act2,Carmel Bedroom,"050-105-c02-woodtexture02.mov v003,102-010-c00-paintedbeach2_ac.mov v001,212-300-c21-carmelbedroom.mov v001"
225,4_act2,Living Room,"050-105-c02-woodtexture02.mov v003,102-010-c00-paintedbeach2_ac.mov v001,212-300-c21-carmelbedroom.mov v001"
226,4_act2,Bedroom Restore,"050-105-c02-woodtexture02.mov v003,102-010-c00-paintedbeach2_ac.mov v001,212-300-c21-carmelbedroom.mov v001"
228,4_act2,Beach Day,102-010-c00-paintedbeach2_ac.mov v001
231,4_act2,DS Beach Golden,"212-053-c00-paintedbeach2_carmlel_orangebluerays_foam.mov v001,212-081-c00-paintedbeach2_carmel_earlier.mov v003"
232,4_act2,Restore,"212-053-c00-paintedbeach2_carmlel_orangebluerays_foam.mov v001,212-081-c00-paintedbeach2_carmel_earlier.mov v003"
234,4_act2,Janice Day,102-016-c00-paintedbeach3_ac.mov v001
240,4_act2,Nina Evening,212-014-c00-paintedbeach3_carmel_purpley_fixfoam.mov v003
244,4_act2,Desat,212-014-c00-paintedbeach3_carmel_purpley_fixfoam.mov v003
248,4_act2,BO w IRIS,
251,4_act2,Sun Burst Low,216-052-c02-sunburst_02.mov v001
255,4_act2,Wind Beneath My Wings,216-051-c02-sunburst_01.mov v001
257,4_act2,Fly Shrink,"216-051-c02-sunburst_01.mov v001,216-052-c02-sunburst_02.mov v001"
260,4_act2,Ombre,050-011-c02-papertexture1.mov v001
261,4_act2,Collage,"050-011-c02-papertexture1.mov v001,216-020-c02-collagenoflash_@little_ceecee@little_bertie.mov v003"
262,4_act2,Flash,"090-001-c00-white_square_hard.png v001,216-020-c02-collagenoflash_@little_ceecee@little_bertie.mov v003"
263,4_act2,Bows,"050-020-c02-papertexture10.mov v001,090-653-c00-a_black320_square_supersoft.png v001"
271,4_act2,BO,"050-020-c02-papertexture10.mov v001,090-653-c00-a_black320_square_supersoft.png v001"
272,4_act2,Restore,"050-020-c02-papertexture10.mov v001,090-653-c00-a_black320_square_supersoft.png v001"
273,4_act2,House Up,"050-020-c02-papertexture10.mov v001,216-101-c02-walkout_logo_nobg_withmusical.mov v005,090-653-c00-a_black320_square_supersoft.png v001"
