Name,Channels,Media
000-001-grids,C03,000-001-c03-grids.mov v0010
000-011-guides,"C02,C04,C11,C12,C13,C14,C21,C22","000-011-c02-guides.mov v004,000-011-c04-guides.png v002,000-011-c11-guides.mov v001,000-011-c12-guides.mov v001,000-011-c13-guides.mov v001,000-011-c14-guides.mov v001,000-011-c21-guides.mov v002,000-011-c22-guides.mov v002"
000-021-grids_and_guides,"C01,C11,C12,C13,C14,C21,C22","000-021-c01-grids_and_guides.mov v002,000-021-c11-grids_and_guides.mov v001,000-021-c12-grids_and_guides.mov v001,000-021-c13-grids_and_guides.mov v001,000-021-c14-grids_and_guides.mov v001,000-021-c21-grids_and_guides.mov v002,000-021-c22-grids_and_guides.mov v002"
000-043-horizontal_colorbars_wbg,C01,000-043-c01-horizontal_colorbars_wbg.mov v003
040-101-main,C02,040-101-c02-main.mov v002
050-011-papertexture1,C02,050-011-c02-papertexture1.mov v001
050-013-papertexture3,"C01,C13,C21,C22","050-013-c01-papertexture3.mov v001,050-013-c13-papertexture3.mov v001,050-013-c21-papertexture3.mov v001,050-013-c22-papertexture3.mov v001"
050-014-papertexture4,"C01,C11,C12,C13,C14","050-014-c01-papertexture4.mov v001,050-014-c11-papertexture4.mov v001,050-014-c12-papertexture4.mov v001,050-014-c13-papertexture4.mov v001,050-014-c14-papertexture4.mov v001"
050-017-papertexture7,C02,050-017-c02-papertexture7.mov v001
050-020-papertexture10,"C02,C13","050-020-c02-papertexture10.mov v001,050-020-c13-papertexture10.mov v001"
050-023-papertexture13,"C02,C11,C12,C13,C14,C21","050-023-c02-papertexture13.mov v001,050-023-c11-papertexture13.mov v001,050-023-c12-papertexture13.mov v001,050-023-c13-papertexture13.mov v001,050-023-c14-papertexture13.mov v001,050-023-c21-papertexture13.mov v001"
050-024-papertexture14,"C21,C22","050-024-c21-papertexture14.mov v001,050-024-c22-papertexture14.mov v001"
050-105-woodtexture02,"C02,C04","050-105-c02-woodtexture02.mov v003,050-105-c04-woodtexture02.mov v001"
050-106-woodtexture03,C02,050-106-c02-woodtexture03.mov v001
070-011-tightvign,C13,070-011-c13-tightvign.mov v002
070-012-softvign,"C11,C13,C22","070-012-c11-softvign.mov v002,070-012-c13-softvign.mov v002,070-012-c22-softvign.mov v002"
080-012-wipe_down,"C11,C12,C13","080-012-c11-wipe_down.mov v003,080-012-c12-wipe_down.mov v003,080-012-c13-wipe_down.mov v003"
080-013-wipe_lr,"C13,C21,C22","080-013-c13-wipe_lr.mov v001,080-013-c21-wipe_lr.mov v001,080-013-c22-wipe_lr.mov v001"
080-016-wipeout_barndoor_soft,C22,080-016-c22-wipeout_barndoor_soft.mov v002
080-023-blockbyblock_videotransition,"C11,C12,C13,C14","080-023-c11-blockbyblock_videotransition.mov v004,080-023-c12-blockbyblock_videotransition.mov v004,080-023-c13-blockbyblock_videotransition.mov v004,080-023-c14-blockbyblock_videotransition.mov v004"
080-024-quickoff_videotransition,"C11,C12,C13,C14","080-024-c11-quickoff_videotransition.mov v003,080-024-c12-quickoff_videotransition.mov v003,080-024-c13-quickoff_videotransition.mov v003,080-024-c14-quickoff_videotransition.mov v003"
080-025-random_bbyb_videotransition,"C12,C13,C14","080-025-c12-random_bbyb_videotransition.mov v002,080-025-c13-random_bbyb_videotransition.mov v002,080-025-c14-random_bbyb_videotransition.mov v002"
090-001-white_square_hard,C00,090-001-c00-white_square_hard.png v001
090-051-black_square_hard,C00,090-051-c00-black_square_hard.png v001
090-403-a_white_square_supersoft,C00,090-403-c00-a_white_square_supersoft.png v001
090-452-a_black_square_soft,C00,090-452-c00-a_black_square_soft.png v001
090-454-a_black_square_medsoft,C00,090-454-c00-a_black_square_medsoft.png v001
090-503-a_white_round_supersoft,C00,090-503-c00-a_white_round_supersoft.png v001
090-602-a_white320_square_soft,C00,090-602-c00-a_white320_square_soft.png v001
090-603-a_white320_square_supersoft,C00,090-603-c00-a_white320_square_supersoft.png v001
090-604-a_white320_square_medsoft,C00,090-604-c00-a_white320_square_medsoft.png v001
090-653-a_black320_square_supersoft,C00,090-653-c00-a_black320_square_supersoft.png v001
090-654-a_black320_square_medsoft,C00,090-654-c00-a_black320_square_medsoft.png v001
100-201-preshowcollage_famous_nonfamous_colour,C03,100-201-c03-preshowcollage_famous_nonfamous_colour.mov v006
101-059-lbox_white_flat,"C11,C12,C13,C14","101-059-c11-lbox_white_flat.mov v001,101-059-c12-lbox_white_flat.mov v001,101-059-c13-lbox_white_flat.mov v001,101-059-c14-lbox_white_flat.mov v001"
101-061-lbox_chase_trackthrough,"C11,C12,C13,C14","101-061-c11-lbox_chase_trackthrough.mov v002,101-061-c12-lbox_chase_trackthrough.mov v002,101-061-c13-lbox_chase_trackthrough.mov v002,101-061-c14-lbox_chase_trackthrough.mov v002"
101-062-lbox_white_slightshade,"C11,C12,C13,C14","101-062-c11-lbox_white_slightshade.mov v001,101-062-c12-lbox_white_slightshade.mov v001,101-062-c13-lbox_white_slightshade.mov v001,101-062-c14-lbox_white_slightshade.mov v001"
101-063-lbox_orange_slightshade,"C11,C12,C13,C14","101-063-c11-lbox_orange_slightshade.mov v001,101-063-c12-lbox_orange_slightshade.mov v001,101-063-c13-lbox_orange_slightshade.mov v001,101-063-c14-lbox_orange_slightshade.mov v001"
101-113-ccshow_in_big2smol,C03,101-113-c03-ccshow_in_big2smol.mov v002
101-115-ccshow_in_lowvp,C03,101-115-c03-ccshow_in_lowvp.mov v002
101-154-globewall_still@ceecee,C02,101-154-c02-globewall_still@ceecee.mov v003
101-155-globewall_shimmer@ceecee,C02,101-155-c02-globewall_shimmer@ceecee.mov v003
101-160-ceecee_headshots@ceecee,C00,101-160-c00-ceecee_headshots@ceecee.mov v001
101-201-@ceecee_vertportraits,"C11,C13,C14","101-201-c11-@ceecee_vertportraits.mov v001,101-201-c13-@ceecee_vertportraits.mov v002,101-201-c14-@ceecee_vertportraits.mov v001"
101-300-offdunes,C03,101-300-c03-offdunes.mov v001
101-301-scrim_gradient,C03,101-301-c03-scrim_gradient.mov v001
101-302-scrimedgegrad,C03,101-302-c03-scrimedgegrad.mov v002
101-311-scrim_gradient_warm,C03,101-311-c03-scrim_gradient_warm.mov v002
101-359-@ceecee_goldvert_1848,C12,101-359-c12-@ceecee_goldvert_1848.mov v001
101-559-scramble@ceecee_goldvert,C12,101-559-c12-scramble@ceecee_goldvert.mov v003
102-010-paintedbeach2_ac,"C00,C01,C02","102-010-c00-paintedbeach2_ac.mov v001,102-010-c01-paintedbeach2_ac.mov v002,102-010-c02-paintedbeach2_ac.mov v002"
102-013-paintedbeach2_ac_deyellow,C00,102-013-c00-paintedbeach2_ac_deyellow.mov v002
102-015-paintedbeach1_ac,"C00,C02","102-015-c00-paintedbeach1_ac.mov v002,102-015-c02-paintedbeach1_ac.mov v002"
102-016-paintedbeach3_ac,C00,102-016-c00-paintedbeach3_ac.mov v001
102-063-ac_fun3,C21,102-063-c21-ac_fun3.mov v003
102-081-ac_collagetransition_flippy,"C21,C22","102-081-c21-ac_collagetransition_flippy.mov v008,102-081-c22-ac_collagetransition_flippy.mov v007"
102-201-bh_beach,"C11,C12,C13,C14,C21","102-201-c11-bh_beach.mov v003,102-201-c12-bh_beach.mov v003,102-201-c13-bh_beach.mov v001,102-201-c14-bh_beach.mov v001,102-201-c21-bh_beach.mov v001"
102-202-bh_beachmatte,C04,102-202-c04-bh_beachmatte.mov v003
102-211-bh_mem,"C02,C11,C12,C13,C14","102-211-c02-bh_mem.mov v003,102-211-c11-bh_mem.mov v003,102-211-c12-bh_mem.mov v003,102-211-c13-bh_mem.mov v003,102-211-c14-bh_mem.mov v003"
103-096-squareprosc_vaud_scallopslowernarrower,C02,103-096-c02-squareprosc_vaud_scallopslowernarrower.mov v001
103-113-squareprosc_vaud_sot_bway,"C11,C12,C21","103-113-c11-squareprosc_vaud_sot_bway.mov v001,103-113-c12-squareprosc_vaud_sot_bway.mov v001,103-113-c21-squareprosc_vaud_sot_bway.mov v001"
103-202-dressingroom_pattern_morered,"C13,C14","103-202-c13-dressingroom_pattern_morered.mov v001,103-202-c14-dressingroom_pattern_morered.mov v004"
103-203-dressingroom_pattern_distressed1,C22,103-203-c22-dressingroom_pattern_distressed1.mov v002
103-223-stagedoor_arrow_morered,C02,103-223-c02-stagedoor_arrow_morered.mov v001
103-251-dressingroom_ombres,"C13,C14,C22","103-251-c13-dressingroom_ombres.mov v002,103-251-c14-dressingroom_ombres.mov v002,103-251-c22-dressingroom_ombres.mov v002"
103-401-jg_amusement_vintage,C00,103-401-c00-jg_amusement_vintage.mov v002
103-600-jg_backdrop,C02,103-600-c02-jg_backdrop.mov v002
103-601-jg_frame,C02,103-601-c02-jg_frame.mov v003
105-031-ac_beachumbrella,"C13,C22","105-031-c13-ac_beachumbrella.mov v003,105-031-c22-ac_beachumbrella.mov v003"
105-101-littles_vertical_umbrellas_stars,C12,105-101-c12-littles_vertical_umbrellas_stars.mov v001
105-108-littles_juststars,"C13,C14,C21","105-108-c13-littles_juststars.mov v002,105-108-c14-littles_juststars.mov v002,105-108-c21-littles_juststars.mov v003"
105-109-littles_justumbrellas,C22,105-109-c22-littles_justumbrellas.mov v001
106-102-lax_curb,C22,106-102-c22-lax_curb.mov v006
106-105-lax_curb_negative,"C21,C22","106-105-c21-lax_curb_negative.mov v003,106-105-c22-lax_curb_negative.mov v001"
106-111-lax_curbbway,C21,106-111-c21-lax_curbbway.mov v002
107-067-kids_bway,"C11,C12,C13,C14","107-067-c11-kids_bway.mov v002,107-067-c12-kids_bway.mov v001,107-067-c13-kids_bway.mov v001,107-067-c14-kids_bway.mov v001"
107-074-teens,"C11,C12,C13,C14","107-074-c11-teens.mov v002,107-074-c12-teens.mov v002,107-074-c13-teens.mov v002,107-074-c14-teens.mov v002"
107-177-lateteens_new,"C11,C12,C13,C14","107-177-c11-lateteens_new.mov v001,107-177-c12-lateteens_new.mov v001,107-177-c13-lateteens_new.mov v003,107-177-c14-lateteens_new.mov v001"
107-206-altcolor_bway,"C11,C13","107-206-c11-altcolor_bway.mov v001,107-206-c13-altcolor_bway.mov v001"
107-211-altcolor_bway,"C12,C14","107-211-c12-altcolor_bway.mov v001,107-211-c14-altcolor_bway.mov v001"
107-252-stw_patternsbridge,"C11,C12,C13,C14","107-252-c11-stw_patternsbridge.mov v002,107-252-c12-stw_patternsbridge.mov v002,107-252-c13-stw_patternsbridge.mov v003,107-252-c14-stw_patternsbridge.mov v002"
107-264-stw_petals,C02,107-264-c02-stw_petals.mov v003
107-401-rippleonup,"C11,C12,C13,C14","107-401-c11-rippleonup.mov v001,107-401-c12-rippleonup.mov v001,107-401-c13-rippleonup.mov v001,107-401-c14-rippleonup.mov v001"
107-451-writing_kids,C01,107-451-c01-writing_kids.mov v002
108-031-theater_postersbase,"C13,C21,C22","108-031-c13-theater_postersbase.mov v005,108-031-c21-theater_postersbase.mov v005,108-031-c22-theater_postersbase.mov v006"
108-040-theater_posters_coloroffset,"C13,C21","108-040-c13-theater_posters_coloroffset.mov v005,108-040-c21-theater_posters_coloroffset.mov v006"
108-049-theater_posters_coloroffset_purpstripe,C22,108-049-c22-theater_posters_coloroffset_purpstripe.mov v007
108-218-cbs_blkbot_still,C13,108-218-c13-cbs_blkbot_still.mov v003
109-120-bunkhouse_pattern,"C13,C21,C22","109-120-c13-bunkhouse_pattern.mov v003,109-120-c21-bunkhouse_pattern.mov v007,109-120-c22-bunkhouse_pattern.mov v007"
111-030-paintedbeach2_johnscabinnight,C00,111-030-c00-paintedbeach2_johnscabinnight.mov v002
111-032-paintedbeach2_johnscabin_fitted,C02,111-032-c02-paintedbeach2_johnscabin_fitted.mov v006
111-055-johnscabin02,C12,111-055-c12-johnscabin02.mov v001
112-022-paintedbeach1_lesssat,C00,112-022-c00-paintedbeach1_lesssat.mov v001
112-023-paintedbeach1_lesssat_cloudcolor,"C00,C02","112-023-c00-paintedbeach1_lesssat_cloudcolor.mov v001,112-023-c02-paintedbeach1_lesssat_cloudcolor.mov v002"
113-016-lax_counter_bright,"C13,C14","113-016-c13-lax_counter_bright.mov v009,113-016-c14-lax_counter_bright.mov v004"
113-019-lax_counter_bright_negative,"C13,C14","113-019-c13-lax_counter_bright_negative.mov v001,113-019-c14-lax_counter_bright_negative.mov v001"
114-111-penn_new,C22,114-111-c22-penn_new.mov v004
114-122-ramrod_tritone_new,C22,114-122-c22-ramrod_tritone_new.mov v004
114-125-ramrod_clear,"C13,C14","114-125-c13-ramrod_clear.mov v002,114-125-c14-ramrod_clear.mov v002"
114-131-ombre_sides,C22,114-131-c22-ombre_sides.mov v001
114-161-ramrodwall,C04,114-161-c04-ramrodwall.mov v002
114-165-ramrodwall_curtain,C04,114-165-c04-ramrodwall_curtain.mov v002
114-171-ramrodhaze,C04,114-171-c04-ramrodhaze.mov v001
114-181-ramrod_lx,C04,114-181-c04-ramrod_lx.mov v002
114-205-dletters_01,"C01,C11,C12,C13,C14,C21,C22","114-205-c01-dletters_01.mov v008,114-205-c11-dletters_01.mov v003,114-205-c12-dletters_01.mov v003,114-205-c13-dletters_01.mov v002,114-205-c14-dletters_01.mov v001,114-205-c21-dletters_01.mov v003,114-205-c22-dletters_01.mov v001"
114-301-penn_bway_opt1,"C13,C14","114-301-c13-penn_bway_opt1.mov v001,114-301-c14-penn_bway_opt1.mov v002"
115-015-bertie_invitation_colorized,"C11,C12,C21","115-015-c11-bertie_invitation_colorized.mov v001,115-015-c12-bertie_invitation_colorized.mov v001,115-015-c21-bertie_invitation_colorized.mov v001"
115-082-ceecee_invitation_tropical_2,"C11,C12,C13,C14,C21","115-082-c11-ceecee_invitation_tropical_2.mov v001,115-082-c12-ceecee_invitation_tropical_2.mov v001,115-082-c13-ceecee_invitation_tropical_2.mov v001,115-082-c14-ceecee_invitation_tropical_2.mov v001,115-082-c21-ceecee_invitation_tropical_2.mov v003"
115-084-invitation_tropical_2_colorization,"C11,C12,C13","115-084-c11-invitation_tropical_2_colorization.mov v001,115-084-c12-invitation_tropical_2_colorization.mov v001,115-084-c13-invitation_tropical_2_colorization.mov v001"
115-086-invitation_tropical_2_glow,"C11,C12,C13,C14,C21","115-086-c11-invitation_tropical_2_glow.mov v002,115-086-c12-invitation_tropical_2_glow.mov v002,115-086-c13-invitation_tropical_2_glow.mov v002,115-086-c14-invitation_tropical_2_glow.mov v002,115-086-c21-invitation_tropical_2_glow.mov v002"
115-087-invitation_tropical_2_lightercolorization,"C14,C21","115-087-c14-invitation_tropical_2_lightercolorization.mov v001,115-087-c21-invitation_tropical_2_lightercolorization.mov v001"
115-112-ceecee_wedding_disco_2,C02,115-112-c02-ceecee_wedding_disco_2.mov v002
115-121-weddings_ceremony_bway,"C11,C12,C13,C14,C21","115-121-c11-weddings_ceremony_bway.mov v001,115-121-c12-weddings_ceremony_bway.mov v001,115-121-c13-weddings_ceremony_bway.mov v001,115-121-c14-weddings_ceremony_bway.mov v001,115-121-c21-weddings_ceremony_bway.mov v001"
115-122-weddings_ceremony_colorized_bway,"C13,C14","115-122-c13-weddings_ceremony_colorized_bway.mov v001,115-122-c14-weddings_ceremony_colorized_bway.mov v001"
115-131-roseplan_1,"C11,C12,C13,C14,C21","115-131-c11-roseplan_1.mov v001,115-131-c12-roseplan_1.mov v001,115-131-c13-roseplan_1.mov v001,115-131-c14-roseplan_1.mov v001,115-131-c21-roseplan_1.mov v001"
115-142-leonaplan_animated,"C11,C12,C13,C14,C21","115-142-c11-leonaplan_animated.mov v001,115-142-c12-leonaplan_animated.mov v001,115-142-c13-leonaplan_animated.mov v001,115-142-c14-leonaplan_animated.mov v001,115-142-c21-leonaplan_animated.mov v001"
115-221-ceewedding_gradient,"C11,C12,C13,C14,C21","115-221-c11-ceewedding_gradient.mov v001,115-221-c12-ceewedding_gradient.mov v001,115-221-c13-ceewedding_gradient.mov v001,115-221-c14-ceewedding_gradient.mov v001,115-221-c21-ceewedding_gradient.mov v001"
115-221-planning_grandient,"C11,C12,C13,C14,C21","115-221-c11-planning_grandient.mov v001,115-221-c12-planning_grandient.mov v001,115-221-c13-planning_grandient.mov v001,115-221-c14-planning_grandient.mov v001,115-221-c21-planning_grandient.mov v001"
115-310-bridalmags,C12,115-310-c12-bridalmags.mov v002
115-311-bridalmags_fullstage,"C11,C13,C14,C21","115-311-c11-bridalmags_fullstage.mov v005,115-311-c13-bridalmags_fullstage.mov v005,115-311-c14-bridalmags_fullstage.mov v002,115-311-c21-bridalmags_fullstage.mov v002"
116-011-paintedbeach2_malibu,C02,116-011-c02-paintedbeach2_malibu.mov v003
116-032-deck_umbrella_stripe,C13,116-032-c13-deck_umbrella_stripe.mov v003
116-550-limbotransition07,C01,116-550-c01-limbotransition07.mov v004
201-005-hh_marquee,C1a,201-005-c1a-hh_marquee.mov v003
201-010-hh_posters,"C1a,C1b","201-010-c1a-hh_posters.mov v003,201-010-c1b-hh_posters.mov v004"
201-013-cpostersonly,C01,201-013-c01-cpostersonly.mov v003
201-019-hh_ccurtains_transition,C01,201-019-c01-hh_ccurtains_transition.mov v002
201-020-hh_ccurtain_s,C01,201-020-c01-hh_ccurtain_s.mov v003
201-030-hh_vcurtain_blank,"C1a,C1b","201-030-c1a-hh_vcurtain_blank.mov v001,201-030-c1b-hh_vcurtain_blank.mov v001"
201-150-playcardbg,C02,201-150-c02-playcardbg.mov v006
201-201-cp_marqueeonly,C01,201-201-c01-cp_marqueeonly.mov v002
201-202-cp_columnsonly,C01,201-202-c01-cp_columnsonly.mov v001
201-245-rosegoldcurtains,"C02,C22","201-245-c02-rosegoldcurtains.mov v003,201-245-c22-rosegoldcurtains.mov v004"
201-247-rosegoldcurtains_puzzle,"C1a,C1b","201-247-c1a-rosegoldcurtains_puzzle.mov v006,201-247-c1b-rosegoldcurtains_puzzle.mov v005"
201-316-fb_transition_goldwallopt04_ballyhoo,C01,201-316-c01-fb_transition_goldwallopt04_ballyhoo.mov v007
201-360-fb_starlights,"C13,C14,C22","201-360-c13-fb_starlights.mov v002,201-360-c14-fb_starlights.mov v002,201-360-c22-fb_starlights.mov v002"
201-371-fb_ceecee_on,C02,201-371-c02-fb_ceecee_on.mov v004
201-372-fb_ceecee_2hits,C02,201-372-c02-fb_ceecee_2hits.mov v003
201-375-fb_ceecee_shimmer,C02,201-375-c02-fb_ceecee_shimmer.mov v004
201-385-fb_ceecee_rippleout,C02,201-385-c02-fb_ceecee_rippleout.mov v002
201-395-fb_ceecee_traceedges02,C02,201-395-c02-fb_ceecee_traceedges02.mov v003
201-405-fb_neon_turningon,"C11,C12,C21","201-405-c11-fb_neon_turningon.mov v001,201-405-c12-fb_neon_turningon.mov v001,201-405-c21-fb_neon_turningon.mov v003"
201-406-cp_marquee_mattelr,C22,201-406-c22-cp_marquee_mattelr.mov v001
201-407-fb_neon_on,"C02,C11,C12,C21","201-407-c02-fb_neon_on.mov v003,201-407-c11-fb_neon_on.mov v001,201-407-c12-fb_neon_on.mov v001,201-407-c21-fb_neon_on.mov v002"
201-415-fb_neon_alternating,"C02,C11,C12,C21","201-415-c02-fb_neon_alternating.mov v004,201-415-c11-fb_neon_alternating.mov v003,201-415-c12-fb_neon_alternating.mov v002,201-415-c21-fb_neon_alternating.mov v002"
201-420-fb_neon_beatbumps,"C02,C11,C12,C21","201-420-c02-fb_neon_beatbumps.mov v004,201-420-c11-fb_neon_beatbumps.mov v002,201-420-c12-fb_neon_beatbumps.mov v002,201-420-c21-fb_neon_beatbumps.mov v001"
201-425-fb_neon_alldance,C02,201-425-c02-fb_neon_alldance.mov v004
201-435-fb_neon_elementsdance,"C02,C11,C12,C21","201-435-c02-fb_neon_elementsdance.mov v003,201-435-c11-fb_neon_elementsdance.mov v001,201-435-c12-fb_neon_elementsdance.mov v001,201-435-c21-fb_neon_elementsdance.mov v001"
201-445-fb_neon_shimmer,"C02,C11,C12,C21","201-445-c02-fb_neon_shimmer.mov v001,201-445-c11-fb_neon_shimmer.mov v002,201-445-c12-fb_neon_shimmer.mov v002,201-445-c21-fb_neon_shimmer.mov v002"
201-450-fb_neon_turningon,C02,201-450-c02-fb_neon_turningon.mov v001
201-455-neon_2hits,"C02,C11,C12,C21","201-455-c02-neon_2hits.mov v005,201-455-c11-neon_2hits.mov v005,201-455-c12-neon_2hits.mov v004,201-455-c21-neon_2hits.mov v005"
201-500-fb_button,"C02,C11,C12,C21","201-500-c02-fb_button.mov v003,201-500-c11-fb_button.mov v001,201-500-c12-fb_button.mov v001,201-500-c21-fb_button.mov v001"
201-502-paparazzi_2,C01,201-502-c01-paparazzi_2.mov v003
201-611-fb_bway_sequinwall,C04,201-611-c04-fb_bway_sequinwall.mov v002
202-225-dressingroombgonly,"C11,C12,C21","202-225-c11-dressingroombgonly.mov v002,202-225-c12-dressingroombgonly.mov v002,202-225-c21-dressingroombgonly.mov v002"
202-235-dressingroomphotosonly@ceecee,"C02,C11,C12,C21","202-235-c02-dressingroomphotosonly@ceecee.mov v002,202-235-c11-dressingroomphotosonly@ceecee.mov v003,202-235-c12-dressingroomphotosonly@ceecee.mov v003,202-235-c21-dressingroomphotosonly@ceecee.mov v003"
202-236-photovignette,C02,202-236-c02-photovignette.mov v001
202-280-photographicsonly_purple,"C11,C12,C21","202-280-c11-photographicsonly_purple.mov v004,202-280-c12-photographicsonly_purple.mov v005,202-280-c21-photographicsonly_purple.mov v004"
203-102-hospital_wallpaper,"C13,C14,C21","203-102-c13-hospital_wallpaper.mov v001,203-102-c14-hospital_wallpaper.mov v001,203-102-c21-hospital_wallpaper.mov v007"
203-113-hospital_wallpaper_flat_blue,"C11,C12","203-113-c11-hospital_wallpaper_flat_blue.mov v003,203-113-c12-hospital_wallpaper_flat_blue.mov v003"
205-215-sarasota_window,C01,205-215-c01-sarasota_window.mov v003
205-400-bertieswallpaper_realpattern,C01,205-400-c01-bertieswallpaper_realpattern.mov v002
208-106-taxistand,"C11,C12","208-106-c11-taxistand.mov v004,208-106-c12-taxistand.mov v004"
209-012-flippytransition_intobirthdayletters,"C11,C12","209-012-c11-flippytransition_intobirthdayletters.mov v002,209-012-c12-flippytransition_intobirthdayletters.mov v001"
209-016-birthday,"C11,C12","209-016-c11-birthday.mov v001,209-016-c12-birthday.mov v001"
209-021-birthday_letters,C01,209-021-c01-birthday_letters.mov v003
209-021-flippytransition_laxtograduation,"C13,C14,C22","209-021-c13-flippytransition_laxtograduation.mov v004,209-021-c14-flippytransition_laxtograduation.mov v004,209-021-c22-flippytransition_laxtograduation.mov v003"
209-225-ninadiffused,"C11,C12,C21","209-225-c11-ninadiffused.mov v001,209-225-c12-ninadiffused.mov v001,209-225-c21-ninadiffused.mov v004"
210-050-80sdressingroom,"C11,C12,C21","210-050-c11-80sdressingroom.mov v008,210-050-c12-80sdressingroom.mov v009,210-050-c21-80sdressingroom.mov v005"
210-101-ceeceeshow_guests@ceecee,C21,210-101-c21-ceeceeshow_guests@ceecee.mov v004
212-014-paintedbeach3_carmel_purpley_fixfoam,"C00,C4b","212-014-c00-paintedbeach3_carmel_purpley_fixfoam.mov v003,212-014-c4b-paintedbeach3_carmel_purpley_fixfoam.mov v001"
212-053-paintedbeach2_carmlel_orangebluerays_foam,C00,212-053-c00-paintedbeach2_carmlel_orangebluerays_foam.mov v001
212-054-paintedbeach2_carmel_orangebluerays_sparkle,C00,212-054-c00-paintedbeach2_carmel_orangebluerays_sparkle.mov v001
212-081-paintedbeach2_carmel_earlier,C00,212-081-c00-paintedbeach2_carmel_earlier.mov v003
212-085-paintedbeach2_carmel_earlier_composit,C4b,212-085-c4b-paintedbeach2_carmel_earlier_composit.mov v001
212-086-paintedbeach2_carmel_earlier_deepercomposit,C00,212-086-c00-paintedbeach2_carmel_earlier_deepercomposit.mov v003
212-202-carmelfronhallopt3,C21,212-202-c21-carmelfronhallopt3.mov v004
212-211-carmelfronthallopt6,"C11,C12","212-211-c11-carmelfronthallopt6.mov v002,212-211-c12-carmelfronthallopt6.mov v001"
212-300-carmelbedroom,C21,212-300-c21-carmelbedroom.mov v001
216-020-collagenoflash_@little_ceecee@little_bertie,C02,216-020-c02-collagenoflash_@little_ceecee@little_bertie.mov v003
216-051-sunburst_01,C02,216-051-c02-sunburst_01.mov v001
216-052-sunburst_02,C02,216-052-c02-sunburst_02.mov v001
216-101-walkout_logo_nobg_withmusical,C02,216-101-c02-walkout_logo_nobg_withmusical.mov v005
216-120-little_ceecee_headshots@little_ceecee,C00,216-120-c00-little_ceecee_headshots@little_ceecee.mov v001
216-121-little_bertie_headshots@little_bertie,C00,216-121-c00-little_bertie_headshots@little_bertie.mov v001
